strategy,avg_is_sharpe,avg_oos_sharpe,avg_sharpe_decay,oos_sharpe_std,overfit_ratio,n_folds,is_return,oos_return,is_max_dd,oos_max_dd
BBSqueeze,12.409408324679262,16.27946975815074,-3.870061433471477,0,0.7622734959451717,1,2.8146727061499104,4.826948758218347,-0.07365912184722578,-0.06699515666252537
DonchianBreakout,9.480031431212804,13.056976322722894,-3.57694489151009,0,0.7260510547694586,1,2.305375344216331,4.051274776086904,-0.0008908886635762877,-0.0008176074523826239
ParabolicSAR,5.398339963661699,8.04224817484445,-2.643908211182752,0,0.6712476220949387,1,2.2381315530546813,4.555698408830843,-0.22849897951899642,-0.2112834656850028
KeltnerBreakout,6.3341895451576615,8.459045020575301,-2.1248554754176396,0,0.7488066950525429,1,1.3917416718395192,2.2950575961401882,-0.021703225477111815,-0.03886490712535953
Ichimoku,5.008737163273622,7.3197370674137225,-2.3109999041401004,0,0.6842782899363564,1,1.5673168247609475,3.200303296339043,-0.21044204729569116,-0.1315602183824452
ATRBreakout,5.33524802967033,7.62640791784824,-2.2911598881779094,0,0.6995754865385759,1,1.162649473323452,2.036622600432926,-0.09699869972784486,-0.03887774203082397
OBVConfirmation,4.03835267838895,5.189331946963899,-1.1509792685749494,0,0.7782028052284556,1,1.4691778404972822,2.4826631612777543,-0.22551377004657766,-0.20861774096484867
MACDTrend,2.1072360380874486,1.9497910791488637,0.1574449589385849,0,1.0807496560130503,1,0.8116887108958908,0.9130399008682601,-0.2500410021427055,-0.3389232166304038
