,total_return,annualized_return,annualized_volatility,sharpe_ratio,sortino_ratio,calmar_ratio,max_drawdown
Meta-Allocation,615793123.9327669,2.5550234653272668,0.2344130068454825,10.729026939128378,26.21758976956741,48.78408792136344,-0.05237411570440319
Equal-Weight,181723802.58167523,2.293255388826118,0.2388951252210221,9.431985632781082,22.41604828352712,36.887216083645576,-0.06216938094829179
BBSqueeze (Best),7880114108.260167,3.5887500207212035,0.26559861137105545,13.361327464786365,22.65862334978618,48.72089319012405,-0.0736593643042788
